{
"lengthUnit": "mil",
"components": {
	"fields": ["COMPONENT_NO", "COMPONENT_NAME", "LAYER", "X_COORDINATE", "Y_COORDINATE", "ANGLE"],
	"rows": [
		[1, "CN1", "T", 1181.1, 2220.47, 270],
		[2, "H5", "T", 98.43, 1614.17, 270],
		[3, "H6", "T", 98.43, 1200.79, 270],
		[4, "H7", "T", 98.43, 787.4, 270],
		[5, "H8", "T", 2263.78, 1614.17, 270],
		[6, "H9", "T", 2263.78, 1200.79, 270],
		[7, "H10", "T", 2263.78, 787.4, 270],
		[8, "in-", "T", 822.32, 1670, 90],
		[9, "in+", "T", 825, 1250, 90],
		[10, "LED4", "T", 1635, 505, 180],
		[11, "LED5", "T", 735, 480, 0],
		[12, "LED6", "T", 1810, 1360, 180],
		[13, "out-", "T", 1552.32, 1670, 90],
		[14, "out+", "T", 1552.32, 1250, 90],
		[15, "P3", "T", 2125.98, 334.65, 270],
		[16, "P4", "T", 236.22, 334.65, 90],
		[17, "R1", "T", 1622.28, 720, 180],
		[18, "R2", "T", 735, 710, 0],
		[19, "R3", "T", 1940, 1120, 180],
		[20, "R4", "T", 1970, 1335, 270],
		[21, "SW1", "T", 2007.87, 2283.46, 90],
		[22, "SW2", "T", 354.33, 2283.46, 90],
		[23, "USB1", "T", 1181.1, 492.13, 0]
	]
},
"pins": {
	"fields": ["PIN_NO", "PIN_NAME", "PIN_X", "PIN_Y", "LAYER", "PIN_TYPE", "NET_NAME", "NET_TYPE", "PAD_SHAPE", "PAD_SIZEX", "PAD_SIZEY", "HOLE_SIZE", "PAD_ANGLE"],
	"rows": [
		[1, "CN1_1", 1039.37, 2102.36, "T", "DIP", "$1N933", "", "C", 149.61, 149.61, 114.17, 0],
		[2, "CN1_1", 1039.37, 2102.36, "B", "DIP", "$1N933", "", "C", 149.61, 149.61, 114.17, 0],
		[3, "CN1_2", 1322.83, 2102.36, "T", "DIP", "12V", "", "C", 149.61, 149.61, 114.17, 0],
		[4, "CN1_2", 1322.83, 2102.36, "B", "DIP", "12V", "", "C", 149.61, 149.61, 114.17, 0],
		[5, "CN1_3", 1446.85, 2338.58, "T", "DIP", "CN1_3", "", "O", 47.24, 86.61, 62.99, 0],
		[6, "CN1_3", 1446.85, 2338.58, "B", "DIP", "CN1_3", "", "O", 47.24, 86.61, 62.99, 0],
		[7, "CN1_4", 915.35, 2338.58, "T", "DIP", "CN1_4", "", "O", 47.24, 86.61, 62.99, 0],
		[8, "CN1_4", 915.35, 2338.58, "B", "DIP", "CN1_4", "", "O", 47.24, 86.61, 62.99, 0],
		[9, "H5_1", 98.43, 1764.17, "T", "DIP", "5V", "", "R", 66.93, 66.93, 43.31, 270],
		[10, "H5_1", 98.43, 1764.17, "B", "DIP", "5V", "", "R", 66.93, 66.93, 43.31, 270],
		[11, "H5_2", 98.43, 1664.17, "T", "DIP", "5V", "", "C", 66.93, 66.93, 43.31, 270],
		[12, "H5_2", 98.43, 1664.17, "B", "DIP", "5V", "", "C", 66.93, 66.93, 43.31, 270],
		[13, "H5_3", 98.43, 1564.17, "T", "DIP", "5V", "", "C", 66.93, 66.93, 43.31, 270],
		[14, "H5_3", 98.43, 1564.17, "B", "DIP", "5V", "", "C", 66.93, 66.93, 43.31, 270],
		[15, "H5_4", 98.43, 1464.17, "T", "DIP", "5V", "", "C", 66.93, 66.93, 43.31, 270],
		[16, "H5_4", 98.43, 1464.17, "B", "DIP", "5V", "", "C", 66.93, 66.93, 43.31, 270],
		[17, "H6_1", 98.43, 1350.79, "T", "DIP", "5V", "", "R", 66.93, 66.93, 43.31, 270],
		[18, "H6_1", 98.43, 1350.79, "B", "DIP", "5V", "", "R", 66.93, 66.93, 43.31, 270],
		[19, "H6_2", 98.43, 1250.79, "T", "DIP", "5V", "", "C", 66.93, 66.93, 43.31, 270],
		[20, "H6_2", 98.43, 1250.79, "B", "DIP", "5V", "", "C", 66.93, 66.93, 43.31, 270],
		[21, "H6_3", 98.43, 1150.79, "T", "DIP", "5V", "", "C", 66.93, 66.93, 43.31, 270],
		[22, "H6_3", 98.43, 1150.79, "B", "DIP", "5V", "", "C", 66.93, 66.93, 43.31, 270],
		[23, "H6_4", 98.43, 1050.79, "T", "DIP", "5V", "", "C", 66.93, 66.93, 43.31, 270],
		[24, "H6_4", 98.43, 1050.79, "B", "DIP", "5V", "", "C", 66.93, 66.93, 43.31, 270],
		[25, "H7_1", 98.43, 937.4, "T", "DIP", "5V", "", "R", 66.93, 66.93, 43.31, 270],
		[26, "H7_1", 98.43, 937.4, "B", "DIP", "5V", "", "R", 66.93, 66.93, 43.31, 270],
		[27, "H7_2", 98.43, 837.4, "T", "DIP", "5V", "", "C", 66.93, 66.93, 43.31, 270],
		[28, "H7_2", 98.43, 837.4, "B", "DIP", "5V", "", "C", 66.93, 66.93, 43.31, 270],
		[29, "H7_3", 98.43, 737.4, "T", "DIP", "5V", "", "C", 66.93, 66.93, 43.31, 270],
		[30, "H7_3", 98.43, 737.4, "B", "DIP", "5V", "", "C", 66.93, 66.93, 43.31, 270],
		[31, "H7_4", 98.43, 637.4, "T", "DIP", "GND", "GND", "C", 66.93, 66.93, 43.31, 270],
		[32, "H7_4", 98.43, 637.4, "B", "DIP", "GND", "GND", "C", 66.93, 66.93, 43.31, 270],
		[33, "H8_1", 2263.78, 1764.17, "T", "DIP", "5V", "", "R", 66.93, 66.93, 43.31, 270],
		[34, "H8_1", 2263.78, 1764.17, "B", "DIP", "5V", "", "R", 66.93, 66.93, 43.31, 270],
		[35, "H8_2", 2263.78, 1664.17, "T", "DIP", "5V", "", "C", 66.93, 66.93, 43.31, 270],
		[36, "H8_2", 2263.78, 1664.17, "B", "DIP", "5V", "", "C", 66.93, 66.93, 43.31, 270],
		[37, "H8_3", 2263.78, 1564.17, "T", "DIP", "5V", "", "C", 66.93, 66.93, 43.31, 270],
		[38, "H8_3", 2263.78, 1564.17, "B", "DIP", "5V", "", "C", 66.93, 66.93, 43.31, 270],
		[39, "H8_4", 2263.78, 1464.17, "T", "DIP", "5V", "", "C", 66.93, 66.93, 43.31, 270],
		[40, "H8_4", 2263.78, 1464.17, "B", "DIP", "5V", "", "C", 66.93, 66.93, 43.31, 270],
		[41, "H9_1", 2263.78, 1350.79, "T", "DIP", "5V", "", "R", 66.93, 66.93, 43.31, 270],
		[42, "H9_1", 2263.78, 1350.79, "B", "DIP", "5V", "", "R", 66.93, 66.93, 43.31, 270],
		[43, "H9_2", 2263.78, 1250.79, "T", "DIP", "5V", "", "C", 66.93, 66.93, 43.31, 270],
		[44, "H9_2", 2263.78, 1250.79, "B", "DIP", "5V", "", "C", 66.93, 66.93, 43.31, 270],
		[45, "H9_3", 2263.78, 1150.79, "T", "DIP", "5V", "", "C", 66.93, 66.93, 43.31, 270],
		[46, "H9_3", 2263.78, 1150.79, "B", "DIP", "5V", "", "C", 66.93, 66.93, 43.31, 270],
		[47, "H9_4", 2263.78, 1050.79, "T", "DIP", "5V", "", "C", 66.93, 66.93, 43.31, 270],
		[48, "H9_4", 2263.78, 1050.79, "B", "DIP", "5V", "", "C", 66.93, 66.93, 43.31, 270],
		[49, "H10_1", 2263.78, 937.4, "T", "DIP", "5V", "", "R", 66.93, 66.93, 43.31, 270],
		[50, "H10_1", 2263.78, 937.4, "B", "DIP", "5V", "", "R", 66.93, 66.93, 43.31, 270],
		[51, "H10_2", 2263.78, 837.4, "T", "DIP", "5V", "", "C", 66.93, 66.93, 43.31, 270],
		[52, "H10_2", 2263.78, 837.4, "B", "DIP", "5V", "", "C", 66.93, 66.93, 43.31, 270],
		[53, "H10_3", 2263.78, 737.4, "T", "DIP", "5V", "", "C", 66.93, 66.93, 43.31, 270],
		[54, "H10_3", 2263.78, 737.4, "B", "DIP", "5V", "", "C", 66.93, 66.93, 43.31, 270],
		[55, "H10_4", 2263.78, 637.4, "T", "DIP", "GND", "GND", "C", 66.93, 66.93, 43.31, 270],
		[56, "H10_4", 2263.78, 637.4, "B", "DIP", "GND", "GND", "C", 66.93, 66.93, 43.31, 270],
		[57, "in-_1", 822.32, 1620, "T", "DIP", "$1N933", "", "R", 78.74, 78.74, 47.24, 90],
		[58, "in-_1", 822.32, 1620, "B", "DIP", "$1N933", "", "R", 78.74, 78.74, 47.24, 90],
		[59, "in-_2", 822.32, 1720, "T", "DIP", "$1N933", "", "C", 78.74, 78.74, 47.24, 90],
		[60, "in-_2", 822.32, 1720, "B", "DIP", "$1N933", "", "C", 78.74, 78.74, 47.24, 90],
		[61, "in+_1", 825, 1200, "T", "DIP", "12V", "", "R", 78.74, 78.74, 47.24, 90],
		[62, "in+_1", 825, 1200, "B", "DIP", "12V", "", "R", 78.74, 78.74, 47.24, 90],
		[63, "in+_2", 825, 1300, "T", "DIP", "12V", "", "C", 78.74, 78.74, 47.24, 90],
		[64, "in+_2", 825, 1300, "B", "DIP", "12V", "", "C", 78.74, 78.74, 47.24, 90],
		[65, "LED4_1", 1668.5, 505.4, "T", "SMD", "12V", "", "R", 31.5, 31.5, 0, 270],
		[66, "LED4_2", 1605.5, 505.2, "T", "SMD", "$1N4052", "", "R", 31.5, 31.5, 0, 270],
		[67, "LED5_1", 701.5, 479.6, "T", "SMD", "12V", "", "R", 31.5, 31.5, 0, 90],
		[68, "LED5_2", 764.5, 479.8, "T", "SMD", "$1N4054", "", "R", 31.5, 31.5, 0, 90],
		[69, "LED6_1", 1843.5, 1360.4, "T", "SMD", "GND", "GND", "R", 31.5, 31.5, 0, 270],
		[70, "LED6_2", 1780.5, 1360.2, "T", "SMD", "$1N3797", "", "R", 31.5, 31.5, 0, 270],
		[71, "out-_1", 1552.32, 1620, "T", "DIP", "GND", "GND", "R", 78.74, 78.74, 47.24, 90],
		[72, "out-_1", 1552.32, 1620, "B", "DIP", "GND", "GND", "R", 78.74, 78.74, 47.24, 90],
		[73, "out-_2", 1552.32, 1720, "T", "DIP", "GND", "GND", "C", 78.74, 78.74, 47.24, 90],
		[74, "out-_2", 1552.32, 1720, "B", "DIP", "GND", "GND", "C", 78.74, 78.74, 47.24, 90],
		[75, "out+_1", 1552.32, 1200, "T", "DIP", "5V", "", "R", 78.74, 78.74, 47.24, 90],
		[76, "out+_1", 1552.32, 1200, "B", "DIP", "5V", "", "R", 78.74, 78.74, 47.24, 90],
		[77, "out+_2", 1552.32, 1300, "T", "DIP", "5V", "", "C", 78.74, 78.74, 47.24, 90],
		[78, "out+_2", 1552.32, 1300, "B", "DIP", "5V", "", "C", 78.74, 78.74, 47.24, 90],
		[79, "P3_1", 2125.98, 434.65, "T", "DIP", "12V", "", "C", 78.74, 78.74, 51.18, 90],
		[80, "P3_1", 2125.98, 434.65, "B", "DIP", "12V", "", "C", 78.74, 78.74, 51.18, 90],
		[81, "P3_2", 2125.98, 234.65, "T", "DIP", "NEG1", "", "C", 78.74, 78.74, 51.18, 90],
		[82, "P3_2", 2125.98, 234.65, "B", "DIP", "NEG1", "", "C", 78.74, 78.74, 51.18, 90],
		[83, "P4_1", 236.22, 234.65, "T", "DIP", "12V", "", "C", 78.74, 78.74, 51.18, 270],
		[84, "P4_1", 236.22, 234.65, "B", "DIP", "12V", "", "C", 78.74, 78.74, 51.18, 270],
		[85, "P4_2", 236.22, 434.65, "T", "DIP", "NEG2", "", "C", 78.74, 78.74, 51.18, 270],
		[86, "P4_2", 236.22, 434.65, "B", "DIP", "NEG2", "", "C", 78.74, 78.74, 51.18, 270],
		[87, "R1_1", 1651.94, 720, "T", "SMD", "12V", "", "R", 31.75, 34.02, 0, 180],
		[88, "R1_2", 1592.62, 720, "T", "SMD", "$1N4052", "", "R", 31.75, 34.02, 0, 180],
		[89, "R2_1", 705.34, 710, "T", "SMD", "12V", "", "R", 31.75, 34.02, 0, 0],
		[90, "R2_2", 764.66, 710, "T", "SMD", "$1N4054", "", "R", 31.75, 34.02, 0, 0],
		[91, "R3_1", 1969.66, 1120, "T", "SMD", "$1N3797", "", "R", 31.75, 34.02, 0, 180],
		[92, "R3_2", 1910.34, 1120, "T", "SMD", "5V", "", "R", 31.75, 34.02, 0, 180],
		[93, "R4_1", 1970, 1364.66, "T", "SMD", "GND", "GND", "R", 31.75, 34.02, 0, 270],
		[94, "R4_2", 1970, 1305.34, "T", "SMD", "$1N3797", "", "R", 31.75, 34.02, 0, 270],
		[95, "SW1_1", 2007.87, 2007.87, "T", "DIP", "NEG1", "", "O", 118.11, 291.34, 212.6, 270],
		[96, "SW1_1", 2007.87, 2007.87, "B", "DIP", "NEG1", "", "O", 118.11, 291.34, 212.6, 270],
		[97, "SW1_2", 2007.87, 2283.46, "T", "DIP", "12V", "", "O", 118.11, 291.34, 212.6, 270],
		[98, "SW1_2", 2007.87, 2283.46, "B", "DIP", "12V", "", "O", 118.11, 291.34, 212.6, 270],
		[99, "SW1_3", 2007.87, 2559.05, "T", "DIP", "SW1_3", "", "O", 118.11, 291.34, 212.6, 270],
		[100, "SW1_3", 2007.87, 2559.05, "B", "DIP", "SW1_3", "", "O", 118.11, 291.34, 212.6, 270],
		[101, "SW2_1", 354.33, 2007.87, "T", "DIP", "NEG2", "", "O", 118.11, 291.34, 212.6, 270],
		[102, "SW2_1", 354.33, 2007.87, "B", "DIP", "NEG2", "", "O", 118.11, 291.34, 212.6, 270],
		[103, "SW2_2", 354.33, 2283.46, "T", "DIP", "12V", "", "O", 118.11, 291.34, 212.6, 270],
		[104, "SW2_2", 354.33, 2283.46, "B", "DIP", "12V", "", "O", 118.11, 291.34, 212.6, 270],
		[105, "SW2_3", 354.33, 2559.05, "T", "DIP", "SW2_3", "", "O", 118.11, 291.34, 212.6, 270],
		[106, "SW2_3", 354.33, 2559.05, "B", "DIP", "SW2_3", "", "O", 118.11, 291.34, 212.6, 270],
		[107, "USB1_1", 1042.5, 545.47, "T", "DIP", "5V", "", "C", 66.93, 66.93, 43.31, 270],
		[108, "USB1_1", 1042.5, 545.47, "B", "DIP", "5V", "", "C", 66.93, 66.93, 43.31, 270],
		[109, "USB1_2", 1141, 545.47, "T", "DIP", "USB1_2", "", "C", 66.93, 66.93, 43.31, 270],
		[110, "USB1_2", 1141, 545.47, "B", "DIP", "USB1_2", "", "C", 66.93, 66.93, 43.31, 270],
		[111, "USB1_3", 1219.7, 545.47, "T", "DIP", "USB1_3", "", "C", 66.93, 66.93, 43.31, 270],
		[112, "USB1_3", 1219.7, 545.47, "B", "DIP", "USB1_3", "", "C", 66.93, 66.93, 43.31, 270],
		[113, "USB1_4", 1318.1, 545.47, "T", "DIP", "NEG3", "", "C", 66.93, 66.93, 43.31, 270],
		[114, "USB1_4", 1318.1, 545.47, "B", "DIP", "NEG3", "", "C", 66.93, 66.93, 43.31, 270],
		[115, "USB1_5", 922.44, 438.78, "T", "DIP", "USB1_5", "", "C", 125.98, 125.98, 90.55, 90],
		[116, "USB1_5", 922.44, 438.78, "B", "DIP", "USB1_5", "", "C", 125.98, 125.98, 90.55, 90],
		[117, "USB1_5", 1439.76, 438.78, "T", "DIP", "USB1_A_5", "", "C", 125.98, 125.98, 90.55, 90],
		[118, "USB1_5", 1439.76, 438.78, "B", "DIP", "USB1_A_5", "", "C", 125.98, 125.98, 90.55, 90]
	]
}
}